Workbook
Name Codelist: کالاها!$I$2:$I$5
Name lstkala: "[کدکالا]tblkala="

Sheet کالاها
A1: کد کالا | B1: عنوان کالا | C1: گروه | D1: زیرگروه | E1: واحد | F1: حداقل موجودی | G1: توضیحات
A2: K001 | B2: استاد CW 75*3000 | C2: کناف | D2: استاد | E2: شاخه
A3: K002 | B3: استاد CW 100*3000 | C3: کناف | D3: استاد | E3: شاخه
A4: K003 | B4: استاد C 70*3500 | C4: کناف | D4: استاد | E4: شاخه
A5: K004 | B5: رانر UW 70*4000 | C5: کناف | D5: رانر | E5: شاخه
A6: K005 | B6: رانر UW 75*4000 | C6: کناف | D6: رانر | E6: شاخه
A7: K006 | B7: رانر UW 100*4000 | C7: کناف | D7: رانر | E7: شاخه
A8: K007 | B8: پنل گچی 84 برگی MR_AK_H2 | C8: کناف | D8: پنل | E8: برگ
A9: K008 | B9: پنل گچی 92 برگی RGPRO_AK | C9: کناف | D9: پنل | E9: برگ
A10: K009 | B10: پنل گچی 100 برگی جی برد | C10: کناف | D10: پنل | E10: برگ
A11: K010 | B11: پیچ پنل 25 میلی TN25 | C11: کناف | D11: پیچ پنل | E11: بسته
A12: K011 | B12: پیچ پنل 35 میلی TN35 | C12: کناف | D12: پیچ پنل | E12: بسته
A13: K012 | B13: پیچ سازه 3.5*9.5 VASSA | C13: کناف | D13: پیچ سازه | E13: بسته
... A24: T005 | B24: دستکش کارگری روکشدار | C24: ابزار و ملزومات عمومی | D24: لوازم حفاظت فردی | E24: جفت
A25: T006 | B25: الکترود 3/2 میکا | C25: ابزار و ملزومات عمومی | D25: ملزومات جوشکاری | E25: بسته | F25: 6
A26: C001 | B26: ضد زنگ سناتور | C26: رنگ و نقاشی | D26: ضد زنگ | E26: لیتر
A27: C002 | B27: تینر | C27: رنگ و نقاشی | D27: تینر و حلال | E27: لیتر
A28: S001 | B28: قوطی 40*80 | C28: مصالح ساختمانی | D28: مقاطع فولادی | E28: شاخه
A29: S002 | B29: میخ 6 سانتی | C29: مصالح ساختمانی | D29: میخ و متعلقات | E29: بسته

Sheet رسید انبار
A1: شماره رسید | B1: تاریخ | C1: ردیف | D1: کد کالا | E1: عنوان کالا | F1: مقدار | G1: واحد | H1: توضیحات
A2: R-050617-173 | B2: 1405/06/17 | C2: 1 | D2: K018 | E2: =IFERROR(_xlfn.XLOOKUP(D2,tblkala[کد کالا],tblkala[عنوان کالا],""),"") -> استاد C 100*3500 | F2: 300 | G2: =IFERROR(_xlfn.XLOOKUP(D2,tblkala[کد کالا],tblkala[واحد],""),"") -> شاخه | H2: برگ خروج انبار 3539 (1050 متر طول)
A3: R-050617-173 | B3: 1405/06/17 | C3: 2 | D3: K018 | E3: =IFERROR(_xlfn.XLOOKUP(D3,tblkala[کد کالا],tblkala[عنوان کالا],""),"") -> استاد C 100*3500 | F3: 750 | G3: =IFERROR(_xlfn.XLOOKUP(D3,tblkala[کد کالا],tblkala[واحد],""),"") -> شاخه | H3: برگ خروج انبار 3540 (2625 متر طول)

Sheet خروج انبار
A1: شماره حواله | B1: تاریخ | C1: ردیف | D1: کد کالا | E1: عنوان کالا | F1: مقدار | G1: واحد | H1: تحویل گیرنده | I1: محل مصرف | J1: توضیحات
A2: H-050617-1 | B2: 1405/06/17 | C2: 1 | D2: K010 | E2: =IFERROR(_xlfn.XLOOKUP(D2,tblkala[کد کالا],tblkala[عنوان کالا],""),"") -> پیچ پنل 25 میلی TN25 | F2: 2 | G2: =IFERROR(_xlfn.XLOOKUP(D2,tblkala[کد کالا],tblkala[واحد],""),"") -> بسته | H2: قهرمانی | I2: طبقه اول | J2: خروج آزمایشی
A3: H-050617-2 | B3: 1405/06/18 | C3: 2 | D3: K010 | E3: =IFERROR(_xlfn.XLOOKUP(D3,tblkala[کد کالا],tblkala[عنوان کالا],""),"") -> پیچ پنل 25 میلی TN25 | F3: 3 | G3: =IFERROR(_xlfn.XLOOKUP(D3,tblkala[کد کالا],tblkala[واحد],""),"") -> بسته | H3: تیم قهرمانی | I3: طبقه اول | J3: آزمایشی
A4: H-050617-3 | B4: 1405/06/19 | C4: 3 | D4: K010 | E4: =IFERROR(_xlfn.XLOOKUP(D4,tblkala[کد کالا],tblkala[عنوان کالا],""),"") -> پیچ پنل 25 میلی TN25 | F4: 12 | G4: =IFERROR(_xlfn.XLOOKUP(D4,tblkala[کد کالا],tblkala[واحد],""),"") -> بسته | H4: تیم قهرمانی | I4: طبقه اول | J4: آزمایشی
E5: =IFERROR(_xlfn.XLOOKUP(D5,tblkala[کد کالا],tblkala[عنوان کالا],""),"") | G5: =IFERROR(_xlfn.XLOOKUP(D5,tblkala[کد کالا],tblkala[واحد],""),"")
E6: =IFERROR(_xlfn.XLOOKUP(D6,tblkala[کد کالا],tblkala[عنوان کالا],""),"")

Sheet موجودی
A1: کد کالا | B1: عنوان کالا | C1: گروه | D1: زیرگروه | E1: واحد | F1: کل وارده | G1: کل خروجی | H1: موجودی فعلی | I1: حداقل موجودی | J1: وضعیت
A2: K001 | B2: =IFERROR(_xlfn.XLOOKUP(A2,tblkala[کد کالا],tblkala[عنوان کالا],""),"") -> استاد CW 75*3000 | C2: =IFERROR(_xlfn.XLOOKUP(A2,tblkala[کد کالا],tblkala[گروه],""),"") -> کناف | D2: =IFERROR(_xlfn.XLOOKUP(A2,tblkala[کد کالا],tblkala[زیرگروه],""),"") -> استاد | E2: =IFERROR(_xlfn.XLOOKUP(A2,tblkala[کد کالا],tblkala[واحد],""),"") -> شاخه | F2: =SUMIF(tblvorood[کد کالا],A2,tblvorood[مقدار]) -> 0 | G2: =SUMIF(tblkhorooj[کد کالا],A2,tblkhorooj[مقدار]) -> 0 | H2: =IFERROR(_xlfn.XLOOKUP(A2,tblMabna[کد کالا],tblMabna[مقدار مبنا],0)+F2-G2,0) -> 0 | I2: =IFERROR(_xlfn.XLOOKUP(A2,tblkala[کد کالا],tblkala[حداقل موجودی],""),"") -> 0 | J2: =IF(H2<=0,"تمام شده",IF(H2<I2,"کم","")) -> تمام شده
A3: K002 | B3: =IFERROR(_xlfn.XLOOKUP(A3,tblkala[کد کالا],tblkala[عنوان کالا],""),"") -> استاد CW 100*3000 | C3: =IFERROR(_xlfn.XLOOKUP(A3,tblkala[کد کالا],tblkala[گروه],""),"") -> کناف | D3: =IFERROR(_xlfn.XLOOKUP(A3,tblkala[کد کالا],tblkala[زیرگروه],""),"") -> استاد | E3: =IFERROR(_xlfn.XLOOKUP(A3,tblkala[کد کالا],tblkala[واحد],""),"") -> شاخه | F3: =SUMIF(tblvorood[کد کالا],A3,tblvorood[مقدار]) -> 0 | G3: =SUMIF(tblkhorooj[کد کالا],A3,tblkhorooj[مقدار]) -> 0 | H3: =IFERROR(_xlfn.XLOOKUP(A3,tblMabna[کد کالا],tblMabna[مقدار مبنا],0)+F3-G3,0) -> 0 | I3: =IFERROR(_xlfn.XLOOKUP(A3,tblkala[کد کالا],tblkala[حداقل موجودی],""),"") -> 0 | J3: =IF(H3<=0,"تمام شده",IF(H3<I3,"کم","")) -> تمام شده
A4: K003 | B4: =IFERROR(_xlfn.XLOOKUP(A4,tblkala[کد کالا],tblkala[عنوان کالا],""),"") -> استاد C 70*3500 | C4: =IFERROR(_xlfn.XLOOKUP(A4,tblkala[کد کالا],tblkala[گروه],""),"") -> کناف | D4: =IFERROR(_xlfn.XLOOKUP(A4,tblkala[کد کالا],tblkala[زیرگروه],""),"") -> استاد | E4: =IFERROR(_xlfn.XLOOKUP(A4,tblkala[کد کالا],tblkala[واحد],""),"") -> شاخه | F4: =SUMIF(tblvorood[کد کالا],A4,tblvorood[مقدار]) -> 0 | G4: =SUMIF(tblkhorooj[کد کالا],A4,tblkhorooj[مقدار]) -> 0 | H4: =IFERROR(_xlfn.XLOOKUP(A4,tblMabna[کد کالا],tblMabna[مقدار مبنا],0)+F4-G4,0) -> 0 | I4: =IFERROR(_xlfn.XLOOKUP(A4,tblkala[کد کالا],tblkala[حداقل موجودی],""),"") -> 0 | J4: =IF(H4<=0,"تمام شده",IF(H4<I4,"کم","")) -> تمام شده
A5: K004 | B5: =IFERROR(_xlfn.XLOOKUP(A5,tblkala[کد کالا],tblkala[عنوان کالا],""),"") -> رانر UW 70*4000 | C5: =IFERROR(_xlfn.XLOOKUP(A5,tblkala[کد کالا],tblkala[گروه],""),"") -> کناف | D5: =IFERROR(_xlfn.XLOOKUP(A5,tblkala[کد کالا],tblkala[زیرگروه],""),"") -> رانر | E5: =IFERROR(_xlfn.XLOOKUP(A5,tblkala[کد کالا],tblkala[واحد],""),"") -> شاخه | F5: =SUMIF(tblvorood[کد کالا],A5,tblvorood[مقدار]) -> 0 | G5: =SUMIF(tblkhorooj[کد کالا],A5,tblkhorooj[مقدار]) -> 0 | H5: =IFERROR(_xlfn.XLOOKUP(A5,tblMabna[کد کالا],tblMabna[مقدار مبنا],0)+F5-G5,0) -> 0 | I5: =IFERROR(_xlfn.XLOOKUP(A5,tblkala[کد کالا],tblkala[حداقل موجودی],""),"") -> 0 | J5: =IF(H5<=0,"تمام شده",IF(H5<I5,"کم","")) -> تمام شده
A6: K005 | B6: =IFERROR(_xlfn.XLOOKUP(A6,tblkala[کد کالا],tblkala[عنوان کالا],""),"") -> رانر UW 75*4000 | C6: =IFERROR(_xlfn.XLOOKUP(A6,tblkala[کد کالا],tblkala[گروه],""),"") -> کناف | D6: =IFERROR(_xlfn.XLOOKUP(A6,tblkala[کد کالا],tblkala[زیرگروه],""),"") -> رانر | E6: =IFERROR(_xlfn.XLOOKUP(A6,tblkala[کد کالا],tblkala[واحد],""),"") -> شاخه | F6: =SUMIF(tblvorood[کد کالا],A6,tblvorood[مقدار]) -> 0 | G6: =SUMIF(tblkhorooj[کد کالا],A6,tblkhorooj[مقدار]) -> 0 | H6: =IFERROR(_xlfn.XLOOKUP(A6,tblMabna[کد کالا],tblMabna[مقدار مبنا],0)+F6-G6,0) -> 0 | I6: =IFERROR(_xlfn.XLOOKUP(A6,tblkala[کد کالا],tblkala[حداقل موجودی],""),"") -> 0 | J6: =IF(H6<=0,"تمام شده",IF(H6<I6,"کم","")) -> تمام شده
A7: K006 | B7: =IFERROR(_xlfn.XLOOKUP(A7,tblkala[کد کالا],tblkala[عنوان کالا],""),"") -> رانر UW 100*4000 | C7: =IFERROR(_xlfn.XLOOKUP(A7,tblkala[کد کالا],tblkala[گروه],""),"") -> کناف | D7: =IFERROR(_xlfn.XLOOKUP(A7,tblkala[کد کالا],tblkala[زیرگروه],""),"") -> رانر | E7: =IFERROR(_xlfn.XLOOKUP(A7,tblkala[کد کالا],tblkala[واحد],""),"") -> شاخه | F7: =SUMIF(tblvorood[کد کالا],A7,tblvorood[مقدار]) -> 0 | G7: =SUMIF(tblkhorooj[کد کالا],A7,tblkhorooj[مقدار]) -> 0 | H7: =IFERROR(_xlfn.XLOOKUP(A7,tblMabna[کد کالا],tblMabna[مقدار مبنا],0)+F7-G7,0) -> 0 | I7: =IFERROR(_xlfn.XLOOKUP(A7,tblkala[کد کالا],tblkala[حداقل موجودی],""),"") -> 0 | J7: =IF(H7<=0,"تمام شده",IF(H7<I7,"کم","")) -> تمام شده
A8: K007 | B8: =IFERROR(_xlfn.XLOOKUP(A8,tblkala[کد کالا],tblkala[عنوان کالا],""),"") -> پنل گچی 84 برگی MR_AK_H2 | C8: =IFERROR(_xlfn.XLOOKUP(A8,tblkala[کد کالا],tblkala[گروه],""),"") -> کناف | D8: =IFERROR(_xlfn.XLOOKUP(A8,tblkala[کد کالا],tblkala[زیرگروه],""),"") -> پنل | E8: =IFERROR(_xlfn.XLOOKUP(A8,tblkala[کد کالا],tblkala[واحد],""),"") -> برگ | F8: =SUMIF(tblvorood[کد کالا],A8,tblvorood[مقدار]) -> 0 | G8: =SUMIF(tblkhorooj[کد کالا],A8,tblkhorooj[مقدار]) -> 0 | H8: =IFERROR(_xlfn.XLOOKUP(A8,tblMabna[کد کالا],tblMabna[مقدار مبنا],0)+F8-G8,0) -> 0 | I8: =IFERROR(_xlfn.XLOOKUP(A8,tblkala[کد کالا],tblkala[حداقل موجودی],""),"") -> 0 | J8: =IF(H8<=0,"تمام شده",IF(H8<I8,"کم","")) -> تمام شده
A9: K008 | B9: =IFERROR(_xlfn.XLOOKUP(A9,tblkala[کد کالا],tblkala[عنوان کالا],""),"") -> پنل گچی 92 برگی RGPRO_AK | C9: =IFERROR(_xlfn.XLOOKUP(A9,tblkala[کد کالا],tblkala[گروه],""),"") -> کناف | D9: =IFERROR(_xlfn.XLOOKUP(A9,tblkala[کد کالا],tblkala[زیرگروه],""),"") -> پنل | E9: =IFERROR(_xlfn.XLOOKUP(A9,tblkala[کد کالا],tblkala[واحد],""),"") -> برگ | F9: =SUMIF(tblvorood[کد کالا],A9,tblvorood[مقدار]) -> 0 | G9: =SUMIF(tblkhorooj[کد کالا],A9,tblkhorooj[مقدار]) -> 0 | H9: =IFERROR(_xlfn.XLOOKUP(A9,tblMabna[کد کالا],tblMabna[مقدار مبنا],0)+F9-G9,0) -> 0 | I9: =IFERROR(_xlfn.XLOOKUP(A9,tblkala[کد کالا],tblkala[حداقل موجودی],""),"") -> 0 | J9: =IF(H9<=0,"تمام شده",IF(H9<I9,"کم","")) -> تمام شده
A10: K009 | B10: =IFERROR(_xlfn.XLOOKUP(A10,tblkala[کد کالا],tblkala[عنوان کالا],""),"") -> پنل گچی 100 برگی جی برد | C10: =IFERROR(_xlfn.XLOOKUP(A10,tblkala[کد کالا],tblkala[گروه],""),"") -> کناف | D10: =IFERROR(_xlfn.XLOOKUP(A10,tblkala[کد کالا],tblkala[زیرگروه],""),"") -> پنل | E10: =IFERROR(_xlfn.XLOOKUP(A10,tblkala[کد کالا],tblkala[واحد],""),"") -> برگ | F10: =SUMIF(tblvorood[کد کالا],A10,tblvorood[مقدار]) -> 0 | G10: =SUMIF(tblkhorooj[کد کالا],A10,tblkhorooj[مقدار]) -> 0 | H10: =IFERROR(_xlfn.XLOOKUP(A10,tblMabna[کد کالا],tblMabna[مقدار مبنا],0)+F10-G10,0) -> 0 | I10: =IFERROR(_xlfn.XLOOKUP(A10,tblkala[کد کالا],tblkala[حداقل موجودی],""),"") -> 0 | J10: =IF(H10<=0,"تمام شده",IF(H10<I10,"کم","")) -> تمام شده
A11: K010 | B11: =IFERROR(_xlfn.XLOOKUP(A11,tblkala[کد کالا],tblkala[عنوان کالا],""),"") -> پیچ پنل 25 میلی TN25 | C11: =IFERROR(_xlfn.XLOOKUP(A11,tblkala[کد کالا],tblkala[گروه],""),"") -> کناف | D11: =IFERROR(_xlfn.XLOOKUP(A11,tblkala[کد کالا],tblkala[زیرگروه],""),"") -> پیچ پنل | E11: =IFERROR(_xlfn.XLOOKUP(A11,tblkala[کد کالا],tblkala[واحد],""),"") -> بسته | F11: =SUMIF(tblvorood[کد کالا],A11,tblvorood[مقدار]) -> 0 | G11: =SUMIF(tblkhorooj[کد کالا],A11,tblkhorooj[مقدار]) -> 17 | H11: =IFERROR(_xlfn.XLOOKUP(A11,tblMabna[کد کالا],tblMabna[مقدار مبنا],0)+F11-G11,0) -> 27 | I11: =IFERROR(_xlfn.XLOOKUP(A11,tblkala[کد کالا],tblkala[حداقل موجودی],""),"") -> 0 | J11: =IF(H11<=0,"تمام شده",IF(H11<I11,"کم",""))
A12: K011 | B12: =IFERROR(_xlfn.XLOOKUP(A12,tblkala[کد کالا],tblkala[عنوان کالا],""),"") -> پیچ پنل 35 میلی TN35 | C12: =IFERROR(_xlfn.XLOOKUP(A12,tblkala[کد کالا],tblkala[گروه],""),"") -> کناف | D12: =IFERROR(_xlfn.XLOOKUP(A12,tblkala[کد کالا],tblkala[زیرگروه],""),"") -> پیچ پنل | E12: =IFERROR(_xlfn.XLOOKUP(A12,tblkala[کد کالا],tblkala[واحد],""),"") -> بسته | F12: =SUMIF(tblvorood[کد کالا],A12,tblvorood[مقدار]) -> 0 | G12: =SUMIF(tblkhorooj[کد کالا],B12,tblkhorooj[مقدار]) -> 0 | H12: =IFERROR(_xlfn.XLOOKUP(A12,tblMabna[کد کالا],tblMabna[مقدار مبنا],0)+F12-G12,0) -> 37 | I12: =IFERROR(_xlfn.XLOOKUP(A12,tblkala[کد کالا],tblkala[حداقل موجودی],""),"") -> 0 | J12: =IF(H12<=0,"تمام شده",IF(H12<I12,"کم",""))
A13: K012 | B13: =IFERROR(_xlfn.XLOOKUP(A13,tblkala[کد کالا],tblkala[عنوان کالا],""),"") -> پیچ سازه 3.5*9.5 VASSA | C13: =IFERROR(_xlfn.XLOOKUP(A13,tblkala[کد کالا],tblkala[گروه],""),"") -> کناف | D13: =IFERROR(_xlfn.XLOOKUP(A13,tblkala[کد کالا],tblkala[زیرگروه],""),"") -> پیچ سازه | E13: =IFERROR(_xlfn.XLOOKUP(A13,tblkala[کد کالا],tblkala[واحد],""),"") -> بسته | F13: =SUMIF(tblvorood[کد کالا],A13,tblvorood[مقدار]) -> 0 | G13: =SUMIF(tblkhorooj[کد کالا],B13,tblkhorooj[مقدار]) -> 0 | H13: =IFERROR(_xlfn.XLOOKUP(A13,tblMabna[کد کالا],tblMabna[مقدار مبنا],0)+F13-G13,0) -> 9 | I13: =IFERROR(_xlfn.XLOOKUP(A13,tblkala[کد کالا],tblkala[حداقل موجودی],""),"") -> 0 | J13: =IF(H13<=0,"تمام شده",IF(H13<I13,"کم",""))
A14: K013 | B14: =IFERROR(_xlfn.XLOOKUP(A14,tblkala[کد کالا],tblkala[عنوان کالا],""),"") -> پیچ سرمته 3.5*9.5 SSB | C14: =IFERROR(_xlfn.XLOOKUP(A14,tblkala[کد کالا],tblkala[گروه],""),"") -> کناف | D14: =IFERROR(_xlfn.XLOOKUP(A14,tblkala[کد کالا],tblkala[زیرگروه],""),"") -> پیچ سرمته | E14: =IFERROR(_xlfn.XLOOKUP(A14,tblkala[کد کالا],tblkala[واحد],""),"") -> بسته | F14: =SUMIF(tblvorood[کد کالا],A14,tblvorood[مقدار]) -> 0 | G14: =SUMIF(tblkhorooj[کد کالا],B14,tblkhorooj[مقدار]) -> 0 | H14: =IFERROR(_xlfn.XLOOKUP(A14,tblMabna[کد کالا],tblMabna[مقدار مبنا],0)+F14-G14,0) -> 15 | I14: =IFERROR(_xlfn.XLOOKUP(A14,tblkala[کد کالا],tblkala[حداقل موجودی],""),"") -> 0 | J14: =IF(H14<=0,"تمام شده",IF(H14<I14,"کم",""))
A15: K014 | B15: =IFERROR(_xlfn.XLOOKUP(A15,tblkala[کد کالا],tblkala[عنوان کالا],""),"") -> پیچ سرمته 3.5*9.5 LB | C15: =IFERROR(_xlfn.XLOOKUP(A15,tblkala[کد کالا],tblkala[گروه],""),"") -> کناف | D15: =IFERROR(_xlfn.XLOOKUP(A15,tblkala[کد کالا],tblkala[زیرگروه],""),"") -> پیچ سرمته | E15: =IFERROR(_xlfn.XLOOKUP(A15,tblkala[کد کالا],tblkala[واحد],""),"") -> بسته | F15: =SUMIF(tblvorood[کد کالا],A15,tblvorood[مقدار]) -> 0 | G15: =SUMIF(tblkhorooj[کد کالا],B15,tblkhorooj[مقدار]) -> 0 | H15: =IFERROR(_xlfn.XLOOKUP(A15,tblMabna[کد کالا],tblMabna[مقدار مبنا],0)+F15-G15,0) -> 4 | I15: =IFERROR(_xlfn.XLOOKUP(A15,tblkala[کد کالا],tblkala[حداقل موجودی],""),"") -> 0 | J15: =IF(H15<=0,"تمام شده",IF(H15<I15,"کم",""))
A16: K015 | B16: =IFERROR(_xlfn.XLOOKUP(A16,tblkala[کد کالا],tblkala[عنوان کالا],""),"") -> پیچ سرمته 3.5*25 TB | C16: =IFERROR(_xlfn.XLOOKUP(A16,tblkala[کد کالا],tblkala[گروه],""),"") -> کناف | D16: =IFERROR(_xlfn.XLOOKUP(A16,tblkala[کد کالا],tblkala[زیرگروه],""),"") -> پیچ سرمته | E16: =IFERROR(_xlfn.XLOOKUP(A16,tblkala[کد کالا],tblkala[واحد],""),"") -> بسته | F16: =SUMIF(tblvorood[کد کالا],A16,tblvorood[مقدار]) -> 0 | G16: =SUMIF(tblkhorooj[کد کالا],B16,tblkhorooj[مقدار]) -> 0 | H16: =IFERROR(_xlfn.XLOOKUP(A16,tblMabna[کد کالا],tblMabna[مقدار مبنا],0)+F16-G16,0) -> 3 | I16: =IFERROR(_xlfn.XLOOKUP(A16,tblkala[کد کالا],tblkala[حداقل موجودی],""),"") -> 0 | J16: =IF(H16<=0,"تمام شده",IF(H16<I16,"کم",""))
A17: K016 | B17: =IFERROR(_xlfn.XLOOKUP(A17,tblkala[کد کالا],tblkala[عنوان کالا],""),"") -> پیچ سرمته 3.5*45 TB | C17: =IFERROR(_xlfn.XLOOKUP(A17,tblkala[کد کالا],tblkala[گروه],""),"") -> کناف | D17: =IFERROR(_xlfn.XLOOKUP(A17,tblkala[کد کالا],tblkala[زیرگروه],""),"") -> پیچ سرمته | E17: =IFERROR(_xlfn.XLOOKUP(A17,tblkala[کد کالا],tblkala[واحد],""),"") -> بسته | F17: =SUMIF(tblvorood[کد کالا],A17,tblvorood[مقدار]) -> 0 | G17: =SUMIF(tblkhorooj[کد کالا],B17,tblkhorooj[مقدار]) -> 0 | H17: =IFERROR(_xlfn.XLOOKUP(A17,tblMabna[کد کالا],tblMabna[مقدار مبنا],0)+F17-G17,0) -> 3 | I17: =IFERROR(_xlfn.XLOOKUP(A17,tblkala[کد کالا],tblkala[حداقل موجودی],""),"") -> 0 | J17: =IF(H17<=0,"تمام شده",IF(H17<I17,"کم",""))
A18: K017 | B18: =IFERROR(_xlfn.XLOOKUP(A18,tblkala[کد کالا],tblkala[عنوان کالا],""),"") -> میخ و چاشنی | C18: =IFERROR(_xlfn.XLOOKUP(A18,tblkala[کد کالا],tblkala[گروه],""),"") -> کناف | D18: =IFERROR(_xlfn.XLOOKUP(A18,tblkala[کد کالا],tblkala[زیرگروه],""),"") -> میخ و چاشنی | E18: =IFERROR(_xlfn.XLOOKUP(A18,tblkala[کد کالا],tblkala[واحد],""),"") -> بسته | F18: =SUMIF(tblvorood[کد کالا],A18,tblvorood[مقدار]) -> 0 | G18: =SUMIF(tblkhorooj[کد کالا],B18,tblkhorooj[مقدار]) -> 0 | H18: =IFERROR(_xlfn.XLOOKUP(A18,tblMabna[کد کالا],tblMabna[مقدار مبنا],0)+F18-G18,0) -> 36 | I18: =IFERROR(_xlfn.XLOOKUP(A18,tblkala[کد کالا],tblkala[حداقل موجودی],""),"") -> 0 | J18: =IF(H18<=0,"تمام شده",IF(H18<I18,"کم",""))
A19: T001 | B19: =IFERROR(_xlfn.XLOOKUP(A19,tblkala[کد کالا],tblkala[عنوان کالا],""),"") -> صفحه استیل بر بزرگ | C19: =IFERROR(_xlfn.XLOOKUP(A19,tblkala[کد کالا],tblkala[گروه],""),"") -> ابزار و ملزومات عمومی | D19: =IFERROR(_xlfn.XLOOKUP(A19,tblkala[کد کالا],tblkala[زیرگروه],""),"") -> صفحه برش | E19: =IFERROR(_xlfn.XLOOKUP(A19,tblkala[کد کالا],tblkala[واحد],""),"") -> عدد | F19: =SUMIF(tblvorood[کد کالا],A19,tblvorood[مقدار]) -> 0 | G19: =SUMIF(tblkhorooj[کد کالا],B19,tblkhorooj[مقدار]) -> 0 | H19: =IFERROR(_xlfn.XLOOKUP(A19,tblMabna[کد کالا],tblMabna[مقدار مبنا],0)+F19-G19,0) -> 15 | I19: =IFERROR(_xlfn.XLOOKUP(A19,tblkala[کد کالا],tblkala[حداقل موجودی],""),"") -> 0 | J19: =IF(H19<=0,"تمام شده",IF(H19<I19,"کم",""))
A20: T002 | B20: =IFERROR(_xlfn.XLOOKUP(A20,tblkala[کد کالا],tblkala[عنوان کالا],""),"") -> صفحه ساب بزرگ | C20: =IFERROR(_xlfn.XLOOKUP(A20,tblkala[کد کالا],tblkala[گروه],""),"") -> ابزار و ملزومات عمومی | D20: =IFERROR(_xlfn.XLOOKUP(A20,tblkala[کد کالا],tblkala[زیرگروه],""),"") -> صفحه ساب | E20: =IFERROR(_xlfn.XLOOKUP(A20,tblkala[کد کالا],tblkala[واحد],""),"") -> عدد | F20: =SUMIF(tblvorood[کد کالا],A20,tblvorood[مقدار]) -> 0 | G20: =SUMIF(tblkhorooj[کد کالا],B20,tblkhorooj[مقدار]) -> 0 | H20: =IFERROR(_xlfn.XLOOKUP(A20,tblMabna[کد کالا],tblMabna[مقدار مبنا],0)+F20-G20,0) -> 1 | I20: =IFERROR(_xlfn.XLOOKUP(A20,tblkala[کد کالا],tblkala[حداقل موجودی],""),"") -> 0 | J20: =IF(H20<=0,"تمام شده",IF(H20<I20,"کم",""))
A21: T003 | B21: =IFERROR(_xlfn.XLOOKUP(A21,tblkala[کد کالا],tblkala[عنوان کالا],""),"") -> مته 4 شیار کوتاه نمره 10 | C21: =IFERROR(_xlfn.XLOOKUP(A21,tblkala[کد کالا],tblkala[گروه],""),"") -> ابزار و ملزومات عمومی | D21: =IFERROR(_xlfn.XLOOKUP(A21,tblkala[کد کالا],tblkala[زیرگروه],""),"") -> مته | E21: =IFERROR(_xlfn.XLOOKUP(A21,tblkala[کد کالا],tblkala[واحد],""),"") -> عدد | F21: =SUMIF(tblvorood[کد کالا],A21,tblvorood[مقدار]) -> 0 | G21: =SUMIF(tblkhorooj[کد کالا],B21,tblkhorooj[مقدار]) -> 0 | H21: =IFERROR(_xlfn.XLOOKUP(A21,tblMabna[کد کالا],tblMabna[مقدار مبنا],0)+F21-G21,0) -> 2 | I21: =IFERROR(_xlfn.XLOOKUP(A21,tblkala[کد کالا],tblkala[حداقل موجودی],""),"") -> 0 | J21: =IF(H21<=0,"تمام شده",IF(H21<I21,"کم",""))
A22: T004 | B22: =IFERROR(_xlfn.XLOOKUP(A22,tblkala[کد کالا],tblkala[عنوان کالا],""),"") -> مته 4 شیار بلند نمره 10 | C22: =IFERROR(_xlfn.XLOOKUP(A22,tblkala[کد کالا],tblkala[گروه],""),"") -> ابزار و ملزومات عمومی | D22: =IFERROR(_xlfn.XLOOKUP(A22,tblkala[کد کالا],tblkala[زیرگروه],""),"") -> مته | E22: =IFERROR(_xlfn.XLOOKUP(A22,tblkala[کد کالا],tblkala[واحد],""),"") -> عدد | F22: =SUMIF(tblvorood[کد کالا],A22,tblvorood[مقدار]) -> 0 | G22: =SUMIF(tblkhorooj[کد کالا],B22,tblkhorooj[مقدار]) -> 0 | H22: =IFERROR(_xlfn.XLOOKUP(A22,tblMabna[کد کالا],tblMabna[مقدار مبنا],0)+F22-G22,0) -> 2 | I22: =IFERROR(_xlfn.XLOOKUP(A22,tblkala[کد کالا],tblkala[حداقل موجودی],""),"") -> 0 | J22: =IF(H22<=0,"تمام شده",IF(H22<I22,"کم",""))
A23: T005 | B23: =IFERROR(_xlfn.XLOOKUP(A23,tblkala[کد کالا],tblkala[عنوان کالا],""),"") -> دستکش کارگری روکشدار | C23: =IFERROR(_xlfn.XLOOKUP(A23,tblkala[کد کالا],tblkala[گروه],""),"") -> ابزار و ملزومات عمومی | D23: =IFERROR(_xlfn.XLOOKUP(A23,tblkala[کد کالا],tblkala[زیرگروه],""),"") -> لوازم حفاظت فردی | E23: =IFERROR(_xlfn.XLOOKUP(A23,tblkala[کد کالا],tblkala[واحد],""),"") -> جفت | F23: =SUMIF(tblvorood[کد کالا],A23,tblvorood[مقدار]) -> 0 | G23: =SUMIF(tblkhorooj[کد کالا],B23,tblkhorooj[مقدار]) -> 0 | H23: =IFERROR(_xlfn.XLOOKUP(A23,tblMabna[کد کالا],tblMabna[مقدار مبنا],0)+F23-G23,0) -> 10 | I23: =IFERROR(_xlfn.XLOOKUP(A23,tblkala[کد کالا],tblkala[حداقل موجودی],""),"") -> 0 | J23: =IF(H23<=0,"تمام شده",IF(H23<I23,"کم",""))
... A29: K018 | B29: =IFERROR(_xlfn.XLOOKUP(A29,tblkala[کد کالا],tblkala[عنوان کالا],""),"") -> استاد C 100*3500 | C29: =IFERROR(_xlfn.XLOOKUP(A29,tblkala[کد کالا],tblkala[گروه],""),"") -> کناف | D29: =IFERROR(_xlfn.XLOOKUP(A29,tblkala[کد کالا],tblkala[زیرگروه],""),"") -> استاد | E29: =IFERROR(_xlfn.XLOOKUP(A29,tblkala[کد کالا],tblkala[واحد],""),"") -> شاخه | F29: =SUMIF(tblvorood[کد کالا],A29,tblvorood[مقدار]) -> 1050 | G29: =SUMIF(tblkhorooj[کد کالا],B29,tblkhorooj[مقدار]) -> 0 | H29: =IFERROR(_xlfn.XLOOKUP(A29,tblMabna[کد کالا],tblMabna[مقدار مبنا],0)+F29-G29,0) -> 1050 | I29: =IFERROR(_xlfn.XLOOKUP(A29,tblkala[کد کالا],tblkala[حداقل موجودی],""),"") -> 0 | J29: =IF(H29<=0,"تمام شده",IF(H29<I29,"کم",""))

Sheet فرم رسید
A1: پروژه توسعه هتل ایرانیان
A2: رسید انبار
A3: شماره رسید | C3: R-050617-173
A4: تاریخ | C4: =IFERROR(_xlfn.XLOOKUP(C3,tblvorood[شماره رسید],tblvorood[تاریخ],""),"") -> 1405/06/17
A6: ردیف | B6: عنوان کالا | C6: مقدار | D6: واحد | E6: توضیحات
A7: {=_xlfn._xlws.FILTER(tblvorood[ردیف],tblvorood[شماره رسید]=C3,"")} -> 1 | B7: {=_xlfn._xlws.FILTER(tblvorood[عنوان کالا],tblvorood[شماره رسید]=C3,"")} -> استاد C 100*3500 | C7: {=_xlfn._xlws.FILTER(tblvorood[مقدار],tblvorood[شماره رسید]=C3,"")} -> 300 | D7: {=_xlfn._xlws.FILTER(tblvorood[واحد],tblvorood[شماره رسید]=C3,"")} -> شاخه | E7: {=_xlfn._xlws.FILTER(tblvorood[توضیحات],tblvorood[شماره رسید]=C3,"")} -> برگ خروج انبار 3539 (1050 متر طول)
A8: 2 | B8: استاد C 100*3500 | C8: 750 | D8: شاخه | E8: برگ خروج انبار 3540 (2625 متر طول)
B22: انباردار | C22: سرپرست کارگاه | E22: مدیر کارگاه

Sheet فرم خروج
A1: پروژه توسعه هتل ایرانیان
A2: حواله خروج انبار
A3: شماره حواله | C3: H-050617-3
A4: تاریخ | C4: =IFERROR(_xlfn.XLOOKUP(C3,tblkhorooj[شماره حواله],tblkhorooj[تاریخ],""),"") -> 1405/06/19
A5: تحویل گیرنده | C5: =IFERROR(_xlfn.XLOOKUP($C$3,tblkhorooj[شماره حواله],tblkhorooj[تحویل گیرنده],""),"") -> تیم قهرمانی | D5: محل مصرف | E5: =IFERROR(_xlfn.XLOOKUP($C$3,tblkhorooj[شماره حواله],tblkhorooj[محل مصرف],""),"") -> طبقه اول
A7: ردیف | B7: کد کالا | C7: عنوان کالا | D7: مقدار | E7: واحد | F7: توضیحات
A8: {=IFERROR(_xlfn._xlws.FILTER(_xlfn.CHOOSECOLS(tblkhorooj[],3,4,5,6,7,10),tblkhorooj[شماره حواله]=$C$3),"")} -> 3 | B8: K010 | C8: پیچ پنل 25 میلی TN25 | D8: 12 | E8: بسته | F8: آزمایشی
A23: انباردار | C23: تحویل گیرنده | E23: سرپرست کارگاه | F23: مدیر کارگاه

Sheet گزارشات
A1: پروژه توسعه هتل ایرانیان | G1: پروژه توسعه هتل ایرانیان
A2: گزارشات انبار | G2: گزارشات انبار
A4: وضعیت کلی انبار | G4: گزارش یک کالا
A5: تعداد کالاها | B5: موجودی مناسب | C5: موجودی کم | D5: تمام شده | G5: انتخاب کالا | H5: پیچ پنل 25 میلی TN25
A6: =COUNTA(موجودی!A2:A1001) -> 28 | B6: =COUNTIF(موجودی!J2:J1000,"مناسب") -> 0 | C6: =COUNTIF(موجودی!J2:J1000,"کم") -> 1 | D6: =COUNTIF(موجودی!J2:J1000,"تمام شده") -> 11 | G6: کد کالا | H6: =IFERROR(_xlfn.XLOOKUP(H5,موجودی!B:B,موجودی!A:A),"") -> K010
A8: آخرین ورود به انبار | G8: موجودی مبنا | H8: =IFERROR(_xlfn.XLOOKUP(H6,'موجودی مبنا'!A:A,'موجودی مبنا'!D:D),0) -> 44
A9: شماره رسید | B9: تاریخ | C9: تعداد اقلام | G9: کل وارده | H9: =SUMIF(tblvorood[کد کالا],H6,tblvorood[مقدار]) -> 0
A10: {=INDEX(tblvorood[شماره رسید],COUNTA(tblvorood[شماره رسید]))} -> R-050617-173 | B10: {=INDEX(tblvorood[تاریخ],COUNTA(tblvorood[تاریخ]))} -> 1405/06/17 | C10: =COUNTA(tblvorood[کد کالا]) -> 2 | G10: کل خروجی | H10: =SUMIF(tblkhorooj[کد کالا],H6,tblkhorooj[مقدار]) -> 17
A11: آخرین خروج از انبار | G11: موجودی فعلی | H11: =H8+H9-H10 -> 27
A12: شماره حواله | B12: تاریخ | C12: تعداد اقلام
A13: {=IF(COUNTA(tblkhorooj[شماره حواله])=0,"",INDEX(tblkhorooj[شماره حواله],COUNTA(tblkhorooj[شماره حواله])))} -> H-050617-3
A14: هشدار موجودی | G14: ریز گردش کالا
A15: کد کالا | B15: عنوان کالا | C15: موجودی | D15: حداقل | E15: وضعیت | G15: انتخاب کالا | H15: پیچ پنل 25 میلی TN25
A16: {=_xlfn._xlws.FILTER(_xlfn.CHOOSECOLS(موجودی!A2:J1000,1,2,8,9,10),(موجودی!J2:J1000="کم")+(موجودی!J2:J1000="تمام شده"),"")} -> K001 | B16: استاد CW 75*3000 | C16: 0 | D16: 0 | E16: تمام شده | G16: نوع | H16: شماره | I16: تاریخ | J16: مقدار | K16: مانده | L16: توضیحات
A17: K002 | B17: استاد CW 100*3000 | C17: 0 | D17: 0 | E17: تمام شده | G17: {=_xlfn.LET( _xlpm.کد,_xlfn.XLOOKUP($H$15,موجودی!B:B,موجودی!A:A), _xlpm.تاریخ_مبنا,_xlfn.XLOOKUP(_xlpm.کد,tblMabna[کد کالا],tblMabna[تاریخ مبنا]), _xlpm.مبنا,_xlfn._xlws.FILTER( _xlfn.HSTACK( IF(tblMabna[کد کالا]=_xlpm.کد,"موجودی مبنا",""), IF(tblMabna[کد کالا]=_xlpm.کد,"-",""), tblMabna[تاریخ مبنا], tblMabna[مقدار مبنا], IF(tblMabna[کد کالا]=_xlpm.کد,"-",""), tblMabna[توضیحات] ), tblMabna[کد کالا]=_xlpm.کد, {"","","","","",""} ), _xlpm.ورود,_xlfn._xlws.FILTER( _xlfn.HSTACK( IF(tblvorood[کد کالا]=_xlpm.کد,"ورود",""), tblvorood[شماره رسید], tblvorood[تاریخ], tblvorood[مقدار], IF(tblvorood[کد کالا]=_xlpm.کد,"-",""), tblvorood[توضیحات] ), (tblvorood[کد کالا]=_xlpm.کد)*(tblvorood[تاریخ]>=_xlpm.تاریخ_مبنا), {"","","","","",""} ), _xlpm.خروج,_xlfn._xlws.FILTER( _xlfn.HSTACK( IF(tblkhorooj[کد کالا]=_xlpm.کد,"خروج",""), tblkhorooj[شماره حواله], tblkhorooj[تاریخ], tblkhorooj[مقدار], IF(tblkhorooj[کد کالا]=_xlpm.کد,"-",""), tblkhorooj[توضیحات] ), (tblkhorooj[کد کالا]=_xlpm.کد)*(tblkhorooj[تاریخ]>=_xlpm.تاریخ_مبنا), {"","","","","",""} ), _xlpm.همه,_xlfn.VSTACK(_xlpm.مبنا,_xlpm.ورود,_xlpm.خروج), _xlpm.پاک,_xlfn._xlws.FILTER(_xlpm.همه,_xlfn.CHOOSECOLS(_xlpm.همه,3)<>""), _xlpm.مرتب,_xlfn.SORTBY( _xlpm.پاک, _xlfn.CHOOSECOLS(_xlpm.پاک,3),1, IF(_xlfn.CHOOSECOLS(_xlpm.پاک,1)="موجودی مبنا",0,IF(_xlfn.CHOOSECOLS(_xlpm.پاک,1)="ورود",1,2)),1, _xlfn.CHOOSECOLS(_xlpm.پاک,2),1 ), _xlpm.نوع,_xlfn.CHOOSECOLS(_xlpm.مرتب,1), _xlpm.مقدار,_xlfn.CHOOSECOLS(_xlpm.مرتب,4), _xlpm.مانده,_xlfn.SCAN( 0, IF(_xlpm.نوع="موجودی مبنا",_xlpm.مقدار,IF(_xlpm.نوع="ورود",_xlpm.مقدار,-_xlpm.مقدار)), _xlfn.LAMBDA(_xlpm.جمع,_xlpm.تغییر,_xlpm.جمع+_xlpm.تغییر) ), _xlfn.HSTACK( _xlfn.CHOOSECOLS(_xlpm.مرتب,1,2,3,4), _xlpm.مانده, _xlfn.CHOOSECOLS(_xlpm.مرتب,6) ) )} -> موجودی مبنا | H17: - | I17: 1405/06/14 | J17: 44 | K17: 44 | L17: هر بسته 1000 عدد
A18: K003 | B18: استاد C 70*3500 | C18: 0 | D18: 0 | E18: تمام شده | G18: خروج | H18: H-050617-1 | I18: 1405/06/17 | J18: 2 | K18: 42 | L18: خروج آزمایشی
A19: K004 | B19: رانر UW 70*4000 | C19: 0 | D19: 0 | E19: تمام شده | G19: خروج | H19: H-050617-2 | I19: 1405/06/18 | J19: 3 | K19: 39 | L19: آزمایشی
A20: K005 | B20: رانر UW 75*4000 | C20: 0 | D20: 0 | E20: تمام شده | G20: خروج | H20: H-050617-3 | I20: 1405/06/19 | J20: 12 | K20: 27 | L20: آزمایشی
A21: K006 | B21: رانر UW 100*4000 | C21: 0 | D21: 0 | E21: تمام شده
A22: K007 | B22: پنل گچی 84 برگی MR_AK_H2 | C22: 0 | D22: 0 | E22: تمام شده
A23: K008 | B23: پنل گچی 92 برگی RGPRO_AK | C23: 0 | D23: 0 | E23: تمام شده
A24: K009 | B24: پنل گچی 100 برگی جی برد | C24: 0 | D24: 0 | E24: تمام شده
A25: T006 | B25: الکترود 3/2 میکا | C25: 5 | D25: 6 | E25: کم
A26: C001 | B26: ضد زنگ سناتور | C26: 0 | D26: 0 | E26: تمام شده
A27: S001 | B27: قوطی 40*80 | C27: 0 | D27: 0 | E27: تمام شده

Sheet موجودی مبنا
A1: کد کالا | B1: عنوان کالا | C1: واحد | D1: مقدار مبنا | E1: تاریخ مبنا | F1: توضیحات
A2: K001 | B2: استاد CW 75*3000 | C2: شاخه | D2: 0 | E2: 1405/06/14
A3: K002 | B3: استاد CW 100*3000 | C3: شاخه | D3: 0 | E3: 1405/06/14
A4: K003 | B4: استاد C 70*3500 | C4: شاخه | D4: 0 | E4: 1405/06/14
A5: K004 | B5: رانر UW 70*4000 | C5: شاخه | D5: 0 | E5: 1405/06/14
A6: K005 | B6: رانر UW 75*4000 | C6: شاخه | D6: 0 | E6: 1405/06/14
A7: K006 | B7: رانر UW 100*4000 | C7: شاخه | D7: 0 | E7: 1405/06/14
A8: K007 | B8: پنل گچی 84 برگی MR_AK_H2 | C8: برگ | D8: 0 | E8: 1405/06/14
A9: K008 | B9: پنل گچی 92 برگی RGPRO_AK | C9: برگ | D9: 0 | E9: 1405/06/14
A10: K009 | B10: پنل گچی 100 برگی جی برد | C10: برگ | D10: 0 | E10: 1405/06/14
A11: K010 | B11: پیچ پنل 25 میلی TN25 | C11: بسته | D11: 44 | E11: 1405/06/14 | F11: هر بسته 1000 عدد
A12: K011 | B12: پیچ پنل 35 میلی TN35 | C12: بسته | D12: 37 | E12: 1405/06/14 | F12: هر بسته 1000 عدد
A13: K012 | B13: پیچ سازه 3.5*9.5 VASSA | C13: بسته | D13: 9 | E13: 1405/06/14 | F13: هر بسته 1000 عدد
A14: K013 | B14: پیچ سرمته 3.5*9.5 SSB | C14: بسته | D14: 15 | E14: 1405/06/14 | F14: هر بسته 1000 عدد
A15: K014 | B15: پیچ سرمته 3.5*9.5 LB | C15: بسته | D15: 4 | E15: 1405/06/14 | F15: هر بسته 1000 عدد
A16: K015 | B16: پیچ سرمته 3.5*25 TB | C16: بسته | D16: 3 | E16: 1405/06/14 | F16: هر بسته 1000 عدد
A17: K016 | B17: پیچ سرمته 3.5*45 TB | C17: بسته | D17: 3 | E17: 1405/06/14 | F17: هر بسته 1000 عدد
A18: K017 | B18: میخ و چاشنی | C18: بسته | D18: 36 | E18: 1405/06/14 | F18: هر بسته 100 عدد
A19: T001 | B19: صفحه استیل بر بزرگ | C19: عدد | D19: 15 | E19: 1405/06/14
A20: T002 | B20: صفحه ساب بزرگ | C20: عدد | D20: 1 | E20: 1405/06/14
A21: T003 | B21: مته 4 شیار کوتاه نمره 10 | C21: عدد | D21: 2 | E21: 1405/06/14
A22: T004 | B22: مته 4 شیار بلند نمره 10 | C22: عدد | D22: 2 | E22: 1405/06/14
A23: T005 | B23: دستکش کارگری روکشدار | C23: جفت | D23: 10 | E23: 1405/06/14
A24: T006 | B24: الکترود 3/2 میکا | C24: بسته | D24: 5 | E24: 1405/06/14 | F24: هر بسته 5 کیلو
A25: C001 | B25: ضد زنگ سناتور | C25: لیتر | D25: 0 | E25: 1405/06/14
A26: C002 | B26: تینر | C26: لیتر | D26: 2 | E26: 1405/06/14
A27: S001 | B27: قوطی 40*80 | C27: شاخه | D27: 0 | E27: 1405/06/14
A28: S002 | B28: میخ 6 سانتی | C28: بسته | D28: 3 | E28: 1405/06/14
